id,text,search_text,keywords,disease,crop,section_type,section_title,rescued,doc,page
0,"Grape Black Measles: Common Name: Black Measles (also known as Esca, Spanish Measles, or Apoplexy)","Grape Black Measles - Disease Name & Target Crop: Common Name: Black Measles (also known as Esca, Spanish Measles, or Apoplexy)",[],grape_black_measles,grape,identity,Disease Name & Target Crop,True,Grape_Black_Measles_RAG_Document.pdf,1
1,Grape Black Measles: Target Crop: Grapevine (Vitis vinifera),Grape Black Measles - Disease Name & Target Crop: Target Crop: Grapevine (Vitis vinifera) Vitis vinifera,['Vitis vinifera'],grape_black_measles,grape,identity,Disease Name & Target Crop,True,Grape_Black_Measles_RAG_Document.pdf,1
2,"Grape Black Measles is caused by a complex of wood-colonizing fungi rather than a single pathogen. The primary fungi involved include: Phaeoacremonium aleophilum Phaeomoniella chlamydospora Various basidiomycete fungi, particularly Fomitiporia mediterranea","Grape Black Measles - Scientific Name (Pathogen): Grape Black Measles is caused by a complex of wood-colonizing fungi rather than a single pathogen. The primary fungi involved include: Phaeoacremonium aleophilum Phaeomoniella chlamydospora Various basidiomycete fungi, particularly Fomitiporia mediterranea Fomitiporia mediterranea Phaeoacremonium aleophilum Phaeomoniella chlamydospora Various basidiomycete","['Fomitiporia mediterranea', 'Phaeoacremonium aleophilum', 'Phaeomoniella chlamydospora', 'Various basidiomycete']",grape_black_measles,grape,pathogen,Scientific Name (Pathogen),False,Grape_Black_Measles_RAG_Document.pdf,1
3,"Black Measles (Esca) is a destructive, chronic grapevine trunk disease that attacks the vascular tissue (wood) of the vine. It restricts water and nutrient flow, leading to internal wood rot. The disease is notorious for remaining asymptomatic in the trunk for years before suddenly manifesting dramatic visual symptoms on leaves and fruit, often during the height of summer. It is considered one of the most severe threats to mature vineyards globally.","Grape Black Measles - Disease Overview: Black Measles (Esca) is a destructive, chronic grapevine trunk disease that attacks the vascular tissue (wood) of the vine. It restricts water and nutrient flow, leading to internal wood rot. The disease is notorious for remaining asymptomatic in the trunk for years before suddenly manifesting dramatic visual symptoms on leaves and fruit, often during the height of summer. It is considered one of the most severe threats to mature vineyards globally.",[],grape_black_measles,grape,overview,Disease Overview,False,Grape_Black_Measles_RAG_Document.pdf,1
4,Grape Black Measles: Pruning Wounds: The most common point of entry. Fungal spores are dispersed by wind and rain splashing and land on fresh pruning wounds.,Grape Black Measles - Causes & Transmission Vectors: Pruning Wounds: The most common point of entry. Fungal spores are dispersed by wind and rain splashing and land on fresh pruning wounds. Fungal spores,['Fungal spores'],grape_black_measles,grape,transmission,Causes & Transmission Vectors,True,Grape_Black_Measles_RAG_Document.pdf,1
5,Infected Nursery Stock: The disease complex can be introduced into a new vineyard via latently infected rootstocks or scions during the grafting process.,Grape Black Measles - Causes & Transmission Vectors: Infected Nursery Stock: The disease complex can be introduced into a new vineyard via latently infected rootstocks or scions during the grafting process.,[],grape_black_measles,grape,transmission,Causes & Transmission Vectors,False,Grape_Black_Measles_RAG_Document.pdf,1
6,"Environmental Triggers: Visual symptoms (foliar and fruit) are often triggered by environmental stress, particularly hot, dry weather following rain, which stresses the already compromised vascular system.","Grape Black Measles - Causes & Transmission Vectors: Environmental Triggers: Visual symptoms (foliar and fruit) are often triggered by environmental stress, particularly hot, dry weather following rain, which stresses the already compromised vascular system. Visual symptoms",['Visual symptoms'],grape_black_measles,grape,transmission,Causes & Transmission Vectors,False,Grape_Black_Measles_RAG_Document.pdf,1
7,"Foliar Symptoms (""Tiger Stripes""): Leaves develop interveinal chlorosis (yellowing in white varieties, reddening in red varieties). As the disease progresses, the discolored tissue dies (necrosis), leaving a highly distinct ""tiger-stripe"" pattern of dead tissue bordered by red/yellow margins, with only the main veins remaining green.","Grape Black Measles - Symptoms (Early & Advanced Stages): Foliar Symptoms (""Tiger Stripes""): Leaves develop interveinal chlorosis (yellowing in white varieties, reddening in red varieties). As the disease progresses, the discolored tissue dies (necrosis), leaving a highly distinct ""tiger-stripe"" pattern of dead tissue bordered by red/yellow margins, with only the main veins remaining green. Leaves develop",['Leaves develop'],grape_black_measles,grape,symptom,Symptoms (Early & Advanced Stages),False,Grape_Black_Measles_RAG_Document.pdf,2
8,"Fruit Symptoms (""Black Measles""): Small, dark brown or purple spots (measles) appear on the berries. These spots can coalesce, causing the skin to crack and the berries to shrivel or raisin before ripening.","Grape Black Measles - Symptoms (Early & Advanced Stages): Fruit Symptoms (""Black Measles""): Small, dark brown or purple spots (measles) appear on the berries. These spots can coalesce, causing the skin to crack and the berries to shrivel or raisin before ripening. These spots",['These spots'],grape_black_measles,grape,symptom,Symptoms (Early & Advanced Stages),False,Grape_Black_Measles_RAG_Document.pdf,2
9,"Trunk Symptoms: A cross-section of the trunk or cordons will reveal dark brown or black streaking in the vascular tissue, often surrounding a core of white, spongy, rotted wood.","Grape Black Measles - Symptoms (Early & Advanced Stages): Trunk Symptoms: A cross-section of the trunk or cordons will reveal dark brown or black streaking in the vascular tissue, often surrounding a core of white, spongy, rotted wood.",[],grape_black_measles,grape,symptom,Symptoms (Early & Advanced Stages),False,Grape_Black_Measles_RAG_Document.pdf,2
10,"Advanced Stage (Apoplexy): In severe cases, the entire vine or a single cordon may suddenly wilt and die within a few days during mid-summer.","Grape Black Measles - Symptoms (Early & Advanced Stages): Advanced Stage (Apoplexy): In severe cases, the entire vine or a single cordon may suddenly wilt and die within a few days during mid-summer.",[],grape_black_measles,grape,symptom,Symptoms (Early & Advanced Stages),False,Grape_Black_Measles_RAG_Document.pdf,2
11,Delayed Pruning: Pruning late in the dormant season (late winter or early spring) when wounds heal faster and spore release is naturally lower.,Grape Black Measles - Prevention & Cultural Practices: Delayed Pruning: Pruning late in the dormant season (late winter or early spring) when wounds heal faster and spore release is naturally lower. Pruning late,['Pruning late'],grape_black_measles,grape,prevention,Prevention & Cultural Practices,False,Grape_Black_Measles_RAG_Document.pdf,2
12,"Double Pruning: A rough initial pruning is done early in winter, leaving long spurs. A final pruning to the desired spur length is done late in the season, cutting away any wood that became infected over the winter.","Grape Black Measles - Prevention & Cultural Practices: Double Pruning: A rough initial pruning is done early in winter, leaving long spurs. A final pruning to the desired spur length is done late in the season, cutting away any wood that became infected over the winter.",[],grape_black_measles,grape,prevention,Prevention & Cultural Practices,False,Grape_Black_Measles_RAG_Document.pdf,2
13,Grape Black Measles: Wound Protection: Applying fungicidal or physical mastic pastes to large pruning wounds immediately after cutting to block spore entry.,Grape Black Measles - Prevention & Cultural Practices: Wound Protection: Applying fungicidal or physical mastic pastes to large pruning wounds immediately after cutting to block spore entry. Applying fungicidal,['Applying fungicidal'],grape_black_measles,grape,prevention,Prevention & Cultural Practices,True,Grape_Black_Measles_RAG_Document.pdf,2
14,Sanitation: Removing and burning dead or infected vines and prunings from the vineyard to reduce the local spore load. Disinfecting pruning tools between vines.,Grape Black Measles - Prevention & Cultural Practices: Sanitation: Removing and burning dead or infected vines and prunings from the vineyard to reduce the local spore load. Disinfecting pruning tools between vines. Disinfecting pruning Removing and,"['Disinfecting pruning', 'Removing and']",grape_black_measles,grape,prevention,Prevention & Cultural Practices,False,Grape_Black_Measles_RAG_Document.pdf,2
15,"No Complete Cure: Once the wood-rotting fungi are established deep within the trunk, chemical sprays cannot eradicate them. Management focuses on extending the life of the vine and preventing new infections.","Grape Black Measles - Treatment & Solutions (Chemical & Biological): No Complete Cure: Once the wood-rotting fungi are established deep within the trunk, chemical sprays cannot eradicate them. Management focuses on extending the life of the vine and preventing new infections. Management focuses Once the","['Management focuses', 'Once the']",grape_black_measles,grape,treatment,Treatment & Solutions (Chemical & Biological),False,Grape_Black_Measles_RAG_Document.pdf,3
16,"Vine Surgery (Trunk Renewal): The most effective mechanical treatment for an infected vine is to cut off the trunk below the visible wood staining (rot) and retrain a new shoot from the base (sucker) to form a new, healthy trunk.","Grape Black Measles - Treatment & Solutions (Chemical & Biological): Vine Surgery (Trunk Renewal): The most effective mechanical treatment for an infected vine is to cut off the trunk below the visible wood staining (rot) and retrain a new shoot from the base (sucker) to form a new, healthy trunk.",[],grape_black_measles,grape,treatment,Treatment & Solutions (Chemical & Biological),False,Grape_Black_Measles_RAG_Document.pdf,3
17,"Biological Control: Applications of Trichoderma species (beneficial fungi) to fresh pruning wounds can help colonize the wood first, outcompeting the Esca pathogens and preventing them from entering the vascular system.","Grape Black Measles - Treatment & Solutions (Chemical & Biological): Biological Control: Applications of Trichoderma species (beneficial fungi) to fresh pruning wounds can help colonize the wood first, outcompeting the Esca pathogens and preventing them from entering the vascular system. Esca pathogens Trichoderma species trichoderma","['Esca pathogens', 'Trichoderma species', 'trichoderma']",grape_black_measles,grape,treatment,Treatment & Solutions (Chemical & Biological),False,Grape_Black_Measles_RAG_Document.pdf,3
18,Grape Black Rot: Common Name: Black Rot,Grape Black Rot - Disease Name & Target Crop: Common Name: Black Rot,[],grape_black_rot,grape,identity,Disease Name & Target Crop,True,Grape_Black_Rot_RAG_Document.pdf,1
19,Grape Black Rot: Target Crop: Grapevine (Vitis vinifera and other Vitis species),Grape Black Rot - Disease Name & Target Crop: Target Crop: Grapevine (Vitis vinifera and other Vitis species) Vitis species Vitis vinifera,"['Vitis species', 'Vitis vinifera']",grape_black_rot,grape,identity,Disease Name & Target Crop,True,Grape_Black_Rot_RAG_Document.pdf,1
20,Grape Black Rot: Grape Black Rot is a fungal disease caused by:,Grape Black Rot - Scientific Name (Pathogen): Grape Black Rot is a fungal disease caused by:,[],grape_black_rot,grape,pathogen,Scientific Name (Pathogen),True,Grape_Black_Rot_RAG_Document.pdf,1
21,Grape Black Rot: Sexual stage (teleomorph): Guignardia bidwellii,Grape Black Rot - Scientific Name (Pathogen): Sexual stage (teleomorph): Guignardia bidwellii Guignardia bidwellii Sexual stage,"['Guignardia bidwellii', 'Sexual stage']",grape_black_rot,grape,pathogen,Scientific Name (Pathogen),True,Grape_Black_Rot_RAG_Document.pdf,1
22,Grape Black Rot: Asexual stage (anamorph): Phyllosticta ampelicida,Grape Black Rot - Scientific Name (Pathogen): Asexual stage (anamorph): Phyllosticta ampelicida Asexual stage Phyllosticta ampelicida,"['Asexual stage', 'Phyllosticta ampelicida']",grape_black_rot,grape,pathogen,Scientific Name (Pathogen),True,Grape_Black_Rot_RAG_Document.pdf,1
23,"Black Rot is one of the most devastating fungal diseases of grapevines, particularly in regions with warm, humid, and rainy spring and summer weather. The fungus can infect all green, growing parts of the vine, including leaves, shoots, tendrils, and fruit. If left unmanaged, Black Rot can result in complete crop loss, as the fungus quickly rots the berries, turning them into hard, black, shriveled ""mummies.""","Grape Black Rot - Disease Overview: Black Rot is one of the most devastating fungal diseases of grapevines, particularly in regions with warm, humid, and rainy spring and summer weather. The fungus can infect all green, growing parts of the vine, including leaves, shoots, tendrils, and fruit. If left unmanaged, Black Rot can result in complete crop loss, as the fungus quickly rots the berries, turning them into hard, black, shriveled ""mummies.""",[],grape_black_rot,grape,overview,Disease Overview,False,Grape_Black_Rot_RAG_Document.pdf,1
24,"Overwintering: The fungus survives the winter primarily in mummified berries (mummies) left hanging on the trellis or lying on the ground, as well as in cane lesions.","Grape Black Rot - Causes & Transmission Vectors: Overwintering: The fungus survives the winter primarily in mummified berries (mummies) left hanging on the trellis or lying on the ground, as well as in cane lesions.",[],grape_black_rot,grape,transmission,Causes & Transmission Vectors,False,Grape_Black_Rot_RAG_Document.pdf,1
25,"Spore Release: In the spring, rain triggers the release of ascospores (primary infection) from the mummies. These spores are dispersed by wind and rain splash to newly emerging tissue.","Grape Black Rot - Causes & Transmission Vectors: Spore Release: In the spring, rain triggers the release of ascospores (primary infection) from the mummies. These spores are dispersed by wind and rain splash to newly emerging tissue. These spores",['These spores'],grape_black_rot,grape,transmission,Causes & Transmission Vectors,False,Grape_Black_Rot_RAG_Document.pdf,1
26,"Secondary Infection: Once the fungus establishes on the vine, it produces asexual spores (conidia) that are splashed by rain to other leaves and developing fruit, causing explosive disease spread during wet weather.","Grape Black Rot - Causes & Transmission Vectors: Secondary Infection: Once the fungus establishes on the vine, it produces asexual spores (conidia) that are splashed by rain to other leaves and developing fruit, causing explosive disease spread during wet weather. Once the",['Once the'],grape_black_rot,grape,transmission,Causes & Transmission Vectors,False,Grape_Black_Rot_RAG_Document.pdf,1
27,"Foliar Symptoms: Appears in late spring as small, circular, reddish-brown spots on the leaves. As the spots enlarge, the centers turn tan with a distinct dark brown or black border. Tiny black dots (pycnidia, the fungal fruiting bodies) appear in a ring inside the lesion.","Grape Black Rot - Symptoms (Early & Advanced Stages): Foliar Symptoms: Appears in late spring as small, circular, reddish-brown spots on the leaves. As the spots enlarge, the centers turn tan with a distinct dark brown or black border. Tiny black dots (pycnidia, the fungal fruiting bodies) appear in a ring inside the lesion. Tiny black",['Tiny black'],grape_black_rot,grape,symptom,Symptoms (Early & Advanced Stages),False,Grape_Black_Rot_RAG_Document.pdf,2
28,"Shoot and Tendril Symptoms: Sunken, elongated, dark/purple lesions (cankers) form on stems and tendrils, which can cause them to girdle and die.","Grape Black Rot - Symptoms (Early & Advanced Stages): Shoot and Tendril Symptoms: Sunken, elongated, dark/purple lesions (cankers) form on stems and tendrils, which can cause them to girdle and die. Shoot and",['Shoot and'],grape_black_rot,grape,symptom,Symptoms (Early & Advanced Stages),False,Grape_Black_Rot_RAG_Document.pdf,2
29,"Fruit Symptoms (Advanced Stage): This is the most destructive phase. Berries initially show a small, light-brown circular spot. Within a few days, the entire berry rots, turns black, and shrivels into a hard, wrinkled mummy heavily studded with black pycnidia.","Grape Black Rot - Symptoms (Early & Advanced Stages): Fruit Symptoms (Advanced Stage): This is the most destructive phase. Berries initially show a small, light-brown circular spot. Within a few days, the entire berry rots, turns black, and shrivels into a hard, wrinkled mummy heavily studded with black pycnidia. Berries initially",['Berries initially'],grape_black_rot,grape,symptom,Symptoms (Early & Advanced Stages),False,Grape_Black_Rot_RAG_Document.pdf,2
30,Sanitation (Crucial): The most important preventative step is removing all mummified berries from the vines and the ground during dormant winter pruning. These must be destroyed or burned to eliminate the overwintering inoculum.,Grape Black Rot - Prevention & Cultural Practices: Sanitation (Crucial): The most important preventative step is removing all mummified berries from the vines and the ground during dormant winter pruning. These must be destroyed or burned to eliminate the overwintering inoculum. These must,['These must'],grape_black_rot,grape,prevention,Prevention & Cultural Practices,False,Grape_Black_Rot_RAG_Document.pdf,2
31,"Canopy Management: Proper pruning, shoot thinning, and leaf pulling around the fruiting zone improve air circulation and sunlight penetration. This promotes rapid drying of foliage and fruit, reducing the moisture the fungus needs to infect.","Grape Black Rot - Prevention & Cultural Practices: Canopy Management: Proper pruning, shoot thinning, and leaf pulling around the fruiting zone improve air circulation and sunlight penetration. This promotes rapid drying of foliage and fruit, reducing the moisture the fungus needs to infect. Proper pruning This promotes","['Proper pruning', 'This promotes']",grape_black_rot,grape,prevention,Prevention & Cultural Practices,False,Grape_Black_Rot_RAG_Document.pdf,2
32,Grape Black Rot: Weed Control: Maintaining a clean under-vine area promotes airflow and buries mummies resting on the soil surface.,Grape Black Rot - Prevention & Cultural Practices: Weed Control: Maintaining a clean under-vine area promotes airflow and buries mummies resting on the soil surface.,[],grape_black_rot,grape,prevention,Prevention & Cultural Practices,True,Grape_Black_Rot_RAG_Document.pdf,2
33,"Resistant Varieties: Planting highly resistant grape cultivars (e.g., Norton, Elvira) in regions where the disease pressure is exceptionally high.","Grape Black Rot - Prevention & Cultural Practices: Resistant Varieties: Planting highly resistant grape cultivars (e.g., Norton, Elvira) in regions where the disease pressure is exceptionally high. Planting highly",['Planting highly'],grape_black_rot,grape,prevention,Prevention & Cultural Practices,False,Grape_Black_Rot_RAG_Document.pdf,2
34,"Fungicide Application Timing: Chemical control must be preventative. The most critical period for protection is from immediate pre-bloom through 3-4 weeks post-bloom, as young, developing berries are highly susceptible. Berries become naturally resistant to infection as they mature (usually around veraison).","Grape Black Rot - Treatment & Solutions (Chemical & Biological): Fungicide Application Timing: Chemical control must be preventative. The most critical period for protection is from immediate pre-bloom through 3-4 weeks post-bloom, as young, developing berries are highly susceptible. Berries become naturally resistant to infection as they mature (usually around veraison). Berries become Chemical control","['Berries become', 'Chemical control']",grape_black_rot,grape,treatment,Treatment & Solutions (Chemical & Biological),False,Grape_Black_Rot_RAG_Document.pdf,2
35,"Chemical Treatments: Effective fungicides include protectants like Mancozeb and Captan, and systemic fungicides like Myclobutanil and Tebuconazole (sterol inhibitors). Fungicides must be rotated to prevent resistance.","Grape Black Rot - Treatment & Solutions (Chemical & Biological): Chemical Treatments: Effective fungicides include protectants like Mancozeb and Captan, and systemic fungicides like Myclobutanil and Tebuconazole (sterol inhibitors). Fungicides must be rotated to prevent resistance. Effective fungicides Fungicides must Mancozeb and Myclobutanil and captan mancozeb myclobutanil tebuconazole","['Effective fungicides', 'Fungicides must', 'Mancozeb and', 'Myclobutanil and', 'captan', 'mancozeb', 'myclobutanil', 'tebuconazole']",grape_black_rot,grape,treatment,Treatment & Solutions (Chemical & Biological),False,Grape_Black_Rot_RAG_Document.pdf,2
36,"Biological Control: Biofungicides (such as those containing Bacillus subtilis) can be used in organic systems, though they are generally less effective under heavy disease pressure than conventional systemic fungicides and require meticulous canopy management and sanitation to be viable.","Grape Black Rot - Treatment & Solutions (Chemical & Biological): Biological Control: Biofungicides (such as those containing Bacillus subtilis) can be used in organic systems, though they are generally less effective under heavy disease pressure than conventional systemic fungicides and require meticulous canopy management and sanitation to be viable. Bacillus subtilis bacillus","['Bacillus subtilis', 'bacillus']",grape_black_rot,grape,treatment,Treatment & Solutions (Chemical & Biological),False,Grape_Black_Rot_RAG_Document.pdf,2
37,Grape Isariopsis Leaf Spot: Common Name: Isariopsis Leaf Spot (also known simply as Grape Leaf Spot),Grape Isariopsis Leaf Spot - Disease Name & Target Crop: Common Name: Isariopsis Leaf Spot (also known simply as Grape Leaf Spot),[],grape_isariopsis_leaf_spot,grape,identity,Disease Name & Target Crop,True,Grape_Isariopsis_Leaf_Spot_RAG_Document.pdf,1
38,Grape Isariopsis Leaf Spot: Target Crop: Grapevine (Vitis vinifera and other Vitis species),Grape Isariopsis Leaf Spot - Disease Name & Target Crop: Target Crop: Grapevine (Vitis vinifera and other Vitis species) Vitis species Vitis vinifera,"['Vitis species', 'Vitis vinifera']",grape_isariopsis_leaf_spot,grape,identity,Disease Name & Target Crop,True,Grape_Isariopsis_Leaf_Spot_RAG_Document.pdf,1
39,Grape Isariopsis Leaf Spot is a fungal disease caused by the pathogen: Pseudocercospora vitis (formerly known as Isariopsis clavispora or Phaeoisariopsis vitis),Grape Isariopsis Leaf Spot - Scientific Name (Pathogen): Grape Isariopsis Leaf Spot is a fungal disease caused by the pathogen: Pseudocercospora vitis (formerly known as Isariopsis clavispora or Phaeoisariopsis vitis) Isariopsis clavispora Phaeoisariopsis vitis Pseudocercospora vitis,"['Isariopsis clavispora', 'Phaeoisariopsis vitis', 'Pseudocercospora vitis']",grape_isariopsis_leaf_spot,grape,pathogen,Scientific Name (Pathogen),False,Grape_Isariopsis_Leaf_Spot_RAG_Document.pdf,1
40,"Isariopsis Leaf Spot is primarily a foliar disease that occurs in grape-growing regions characterized by warm, humid climates. It typically appears later in the growing season, often post-harvest or late summer. While it generally does not directly infect the grape berries or wood, severe infections can cause rapid and premature defoliation. This loss of foliage limits the vine's ability to photosynthesize, thereby reducing the accumulation of carbohydrate reserves needed for winter survival and robust shoot growth the following spring.","Grape Isariopsis Leaf Spot - Disease Overview: Isariopsis Leaf Spot is primarily a foliar disease that occurs in grape-growing regions characterized by warm, humid climates. It typically appears later in the growing season, often post-harvest or late summer. While it generally does not directly infect the grape berries or wood, severe infections can cause rapid and premature defoliation. This loss of foliage limits the vine's ability to photosynthesize, thereby reducing the accumulation of carbohydrate reserves needed for winter survival and robust shoot growth the following spring. This loss",['This loss'],grape_isariopsis_leaf_spot,grape,overview,Disease Overview,False,Grape_Isariopsis_Leaf_Spot_RAG_Document.pdf,1
41,"Overwintering: The fungus survives the winter months primarily as mycelium or fruiting bodies (stromata) in fallen, infected grape leaves on the vineyard floor.","Grape Isariopsis Leaf Spot - Causes & Transmission Vectors: Overwintering: The fungus survives the winter months primarily as mycelium or fruiting bodies (stromata) in fallen, infected grape leaves on the vineyard floor.",[],grape_isariopsis_leaf_spot,grape,transmission,Causes & Transmission Vectors,False,Grape_Isariopsis_Leaf_Spot_RAG_Document.pdf,1
42,"Spore Release: In the spring and summer, warm temperatures and rainfall stimulate the production of conidia (asexual spores) from the overwintered leaf debris.","Grape Isariopsis Leaf Spot - Causes & Transmission Vectors: Spore Release: In the spring and summer, warm temperatures and rainfall stimulate the production of conidia (asexual spores) from the overwintered leaf debris.",[],grape_isariopsis_leaf_spot,grape,transmission,Causes & Transmission Vectors,False,Grape_Isariopsis_Leaf_Spot_RAG_Document.pdf,1
43,Transmission: These spores are dispersed upward into the canopy by wind and splashing rain. High relative humidity and prolonged leaf wetness are essential for the spores to germinate and infect the healthy leaves.,Grape Isariopsis Leaf Spot - Causes & Transmission Vectors: Transmission: These spores are dispersed upward into the canopy by wind and splashing rain. High relative humidity and prolonged leaf wetness are essential for the spores to germinate and infect the healthy leaves. High relative These spores,"['High relative', 'These spores']",grape_isariopsis_leaf_spot,grape,transmission,Causes & Transmission Vectors,False,Grape_Isariopsis_Leaf_Spot_RAG_Document.pdf,1
44,"Early Foliar Symptoms: The disease first appears on the upper surface of the leaves as small, irregular to angular spots. These lesions are initially dark brown to brownish-red. A key identifying feature is that the spots are often distinctly bordered by the small veins of the leaf, giving them an angular appearance.","Grape Isariopsis Leaf Spot - Symptoms (Early & Advanced Stages): Early Foliar Symptoms: The disease first appears on the upper surface of the leaves as small, irregular to angular spots. These lesions are initially dark brown to brownish-red. A key identifying feature is that the spots are often distinctly bordered by the small veins of the leaf, giving them an angular appearance. These lesions",['These lesions'],grape_isariopsis_leaf_spot,grape,symptom,Symptoms (Early & Advanced Stages),False,Grape_Isariopsis_Leaf_Spot_RAG_Document.pdf,2
45,"Signs on Leaf Underside: During periods of high humidity, inspecting the underside of the leaf directly beneath the spots reveals a dark, grayish-black, fuzzy or velvety growth. This is the fungus actively producing spores (conidiophores).","Grape Isariopsis Leaf Spot - Symptoms (Early & Advanced Stages): Signs on Leaf Underside: During periods of high humidity, inspecting the underside of the leaf directly beneath the spots reveals a dark, grayish-black, fuzzy or velvety growth. This is the fungus actively producing spores (conidiophores). During periods",['During periods'],grape_isariopsis_leaf_spot,grape,symptom,Symptoms (Early & Advanced Stages),False,Grape_Isariopsis_Leaf_Spot_RAG_Document.pdf,2
46,"Advanced Stage (Defoliation): As the disease progresses, the lesions may coalesce, covering large areas of the leaf surface. The infected leaves turn yellow (chlorosis), dry up, and fall off the vine prematurely.","Grape Isariopsis Leaf Spot - Symptoms (Early & Advanced Stages): Advanced Stage (Defoliation): As the disease progresses, the lesions may coalesce, covering large areas of the leaf surface. The infected leaves turn yellow (chlorosis), dry up, and fall off the vine prematurely.",[],grape_isariopsis_leaf_spot,grape,symptom,Symptoms (Early & Advanced Stages),False,Grape_Isariopsis_Leaf_Spot_RAG_Document.pdf,2
47,Grape Isariopsis Leaf Spot: Fruit and Stems: Infections on berries or shoots are extremely rare; the disease is almost exclusively confined to the foliage.,Grape Isariopsis Leaf Spot - Symptoms (Early & Advanced Stages): Fruit and Stems: Infections on berries or shoots are extremely rare; the disease is almost exclusively confined to the foliage. Fruit and,['Fruit and'],grape_isariopsis_leaf_spot,grape,symptom,Symptoms (Early & Advanced Stages),True,Grape_Isariopsis_Leaf_Spot_RAG_Document.pdf,2
48,"Sanitation (Vineyard Floor Management): Since the pathogen overwinters in leaf litter, collecting, mulching, or cultivating fallen leaves into the soil in autumn/winter significantly reduces the primary inoculum for the next season.","Grape Isariopsis Leaf Spot - Prevention & Cultural Practices: Sanitation (Vineyard Floor Management): Since the pathogen overwinters in leaf litter, collecting, mulching, or cultivating fallen leaves into the soil in autumn/winter significantly reduces the primary inoculum for the next season. Since the",['Since the'],grape_isariopsis_leaf_spot,grape,prevention,Prevention & Cultural Practices,False,Grape_Isariopsis_Leaf_Spot_RAG_Document.pdf,2
49,"Canopy Management: Practices that open the canopy—such as proper shoot positioning, shoot thinning, and selective leaf removal—increase airflow and sunlight penetration. This promotes faster drying of leaves, reducing the wetness duration required for fungal infection.","Grape Isariopsis Leaf Spot - Prevention & Cultural Practices: Canopy Management: Practices that open the canopy—such as proper shoot positioning, shoot thinning, and selective leaf removal—increase airflow and sunlight penetration. This promotes faster drying of leaves, reducing the wetness duration required for fungal infection. Practices that This promotes","['Practices that', 'This promotes']",grape_isariopsis_leaf_spot,grape,prevention,Prevention & Cultural Practices,False,Grape_Isariopsis_Leaf_Spot_RAG_Document.pdf,2
50,"Weed Control: Keeping the under-vine area free of tall weeds improves air circulation near the ground, lowering relative humidity and slowing the upward splash of spores.","Grape Isariopsis Leaf Spot - Prevention & Cultural Practices: Weed Control: Keeping the under-vine area free of tall weeds improves air circulation near the ground, lowering relative humidity and slowing the upward splash of spores. Keeping the",['Keeping the'],grape_isariopsis_leaf_spot,grape,prevention,Prevention & Cultural Practices,False,Grape_Isariopsis_Leaf_Spot_RAG_Document.pdf,2
51,"Fungicide Programs: Often, Isariopsis Leaf Spot is incidentally controlled by the routine fungicide programs designed to target more severe diseases like Downy Mildew or Black Rot. Therefore, dedicated sprays are only necessary in high-pressure environments or highly susceptible varieties.","Grape Isariopsis Leaf Spot - Treatment & Solutions (Chemical & Biological): Fungicide Programs: Often, Isariopsis Leaf Spot is incidentally controlled by the routine fungicide programs designed to target more severe diseases like Downy Mildew or Black Rot. Therefore, dedicated sprays are only necessary in high-pressure environments or highly susceptible varieties.",[],grape_isariopsis_leaf_spot,grape,treatment,Treatment & Solutions (Chemical & Biological),False,Grape_Isariopsis_Leaf_Spot_RAG_Document.pdf,3
52,"Chemical Control: Copper-based fungicides (e.g., Bordeaux mixture) and broad-spectrum protectants like Mancozeb are highly effective when applied preventatively. Applications are typically most beneficial from mid-summer onward when symptoms first appear or weather conditions become favorable for the fungus.","Grape Isariopsis Leaf Spot - Treatment & Solutions (Chemical & Biological): Chemical Control: Copper-based fungicides (e.g., Bordeaux mixture) and broad-spectrum protectants like Mancozeb are highly effective when applied preventatively. Applications are typically most beneficial from mid-summer onward when symptoms first appear or weather conditions become favorable for the fungus. Applications are Bordeaux mixture Mancozeb are bordeaux copper mancozeb","['Applications are', 'Bordeaux mixture', 'Mancozeb are', 'bordeaux', 'copper', 'mancozeb']",grape_isariopsis_leaf_spot,grape,treatment,Treatment & Solutions (Chemical & Biological),False,Grape_Isariopsis_Leaf_Spot_RAG_Document.pdf,3
53,"Post-Harvest Management: In regions where the disease causes severe premature leaf drop, a post-harvest fungicide application may be warranted to retain the canopy long enough for the vine to store adequate winter reserves.","Grape Isariopsis Leaf Spot - Treatment & Solutions (Chemical & Biological): Post-Harvest Management: In regions where the disease causes severe premature leaf drop, a post-harvest fungicide application may be warranted to retain the canopy long enough for the vine to store adequate winter reserves.",[],grape_isariopsis_leaf_spot,grape,treatment,Treatment & Solutions (Chemical & Biological),False,Grape_Isariopsis_Leaf_Spot_RAG_Document.pdf,3
54,Tomato Bacterial Spot: Common Name: Bacterial Spot,Tomato Bacterial Spot - Disease Name & Target Crop: Common Name: Bacterial Spot,[],tomato_bacterial_spot,tomato,identity,Disease Name & Target Crop,True,Tomato_Bacterial_Spot_RAG.pdf,1
55,Tomato Bacterial Spot: Target Crop: Tomato (Solanum lycopersicum),Tomato Bacterial Spot - Disease Name & Target Crop: Target Crop: Tomato (Solanum lycopersicum) Solanum lycopersicum,['Solanum lycopersicum'],tomato_bacterial_spot,tomato,identity,Disease Name & Target Crop,True,Tomato_Bacterial_Spot_RAG.pdf,1
56,"Tomato Bacterial Spot: Xanthomonas species (e.g., X. euvesicatoria, X. vesicatoria, X. perforans, X. gardneri)","Tomato Bacterial Spot - Scientific Name (Pathogen): Xanthomonas species (e.g., X. euvesicatoria, X. vesicatoria, X. perforans, X. gardneri) Xanthomonas species",['Xanthomonas species'],tomato_bacterial_spot,tomato,pathogen,Scientific Name (Pathogen),True,Tomato_Bacterial_Spot_RAG.pdf,1
57,"Bacterial spot is one of the most devastating diseases of tomatoes grown in warm, moist environments. It causes severe defoliation, which exposes the fruit to sunscald, and produces unsightly lesions on the fruit, rendering it unmarketable. The disease is notoriously difficult to control once established.","Tomato Bacterial Spot - Disease Overview: Bacterial spot is one of the most devastating diseases of tomatoes grown in warm, moist environments. It causes severe defoliation, which exposes the fruit to sunscald, and produces unsightly lesions on the fruit, rendering it unmarketable. The disease is notoriously difficult to control once established. Bacterial spot",['Bacterial spot'],tomato_bacterial_spot,tomato,overview,Disease Overview,False,Tomato_Bacterial_Spot_RAG.pdf,1
58,Seedborne & Debris: The bacteria often enter the field on infected seeds or transplants. It can also survive in crop debris from the previous season.,Tomato Bacterial Spot - Causes & Transmission Vectors: Seedborne & Debris: The bacteria often enter the field on infected seeds or transplants. It can also survive in crop debris from the previous season.,[],tomato_bacterial_spot,tomato,transmission,Causes & Transmission Vectors,False,Tomato_Bacterial_Spot_RAG.pdf,1
59,"Tomato Bacterial Spot: Spread: Splashing rain, overhead irrigation, and handling wet plants readily spread the bacteria from plant to plant.","Tomato Bacterial Spot - Causes & Transmission Vectors: Spread: Splashing rain, overhead irrigation, and handling wet plants readily spread the bacteria from plant to plant. Splashing rain",['Splashing rain'],tomato_bacterial_spot,tomato,transmission,Causes & Transmission Vectors,True,Tomato_Bacterial_Spot_RAG.pdf,1
60,Tomato Bacterial Spot: Environment: Thrives in high humidity and warm temperatures (75-86°F / 24-30°C).,Tomato Bacterial Spot - Causes & Transmission Vectors: Environment: Thrives in high humidity and warm temperatures (75-86°F / 24-30°C).,[],tomato_bacterial_spot,tomato,transmission,Causes & Transmission Vectors,True,Tomato_Bacterial_Spot_RAG.pdf,1
61,"Foliar Symptoms: Small, water-soaked, greasy spots appear on leaves. These spots turn dark brown to black and often become angular as they are restricted by small leaf veins. Yellow halos may form around the spots. Severe infection leads to leaves turning yellow and dropping.","Tomato Bacterial Spot - Symptoms (Early & Advanced Stages): Foliar Symptoms: Small, water-soaked, greasy spots appear on leaves. These spots turn dark brown to black and often become angular as they are restricted by small leaf veins. Yellow halos may form around the spots. Severe infection leads to leaves turning yellow and dropping. Severe infection These spots Yellow halos","['Severe infection', 'These spots', 'Yellow halos']",tomato_bacterial_spot,tomato,symptom,Symptoms (Early & Advanced Stages),False,Tomato_Bacterial_Spot_RAG.pdf,2
62,"Fruit Symptoms: Small, dark, raised, scabby or wart-like lesions appear on green fruit. As fruit matures, these spots remain, making the fruit visually unappealing, though the decay usually does not extend deep into the flesh.","Tomato Bacterial Spot - Symptoms (Early & Advanced Stages): Fruit Symptoms: Small, dark, raised, scabby or wart-like lesions appear on green fruit. As fruit matures, these spots remain, making the fruit visually unappealing, though the decay usually does not extend deep into the flesh.",[],tomato_bacterial_spot,tomato,symptom,Symptoms (Early & Advanced Stages),False,Tomato_Bacterial_Spot_RAG.pdf,2
63,Tomato Bacterial Spot: Clean Seed: Use certified disease-free seeds and transplants. Hot water seed treatment can eradicate seedborne bacteria.,Tomato Bacterial Spot - Prevention & Cultural Practices: Clean Seed: Use certified disease-free seeds and transplants. Hot water seed treatment can eradicate seedborne bacteria.,[],tomato_bacterial_spot,tomato,prevention,Prevention & Cultural Practices,True,Tomato_Bacterial_Spot_RAG.pdf,2
64,Tomato Bacterial Spot: Crop Rotation: Avoid planting tomatoes or peppers in the same field for at least 2-3 years.,Tomato Bacterial Spot - Prevention & Cultural Practices: Crop Rotation: Avoid planting tomatoes or peppers in the same field for at least 2-3 years. Avoid planting,['Avoid planting'],tomato_bacterial_spot,tomato,prevention,Prevention & Cultural Practices,True,Tomato_Bacterial_Spot_RAG.pdf,2
65,Tomato Bacterial Spot: Water Management: Use drip irrigation instead of overhead sprinklers. Avoid working in the field when foliage is wet.,Tomato Bacterial Spot - Prevention & Cultural Practices: Water Management: Use drip irrigation instead of overhead sprinklers. Avoid working in the field when foliage is wet. Avoid working,['Avoid working'],tomato_bacterial_spot,tomato,prevention,Prevention & Cultural Practices,True,Tomato_Bacterial_Spot_RAG.pdf,2
66,"Chemical Control: Copper-based bactericides are the standard preventative treatment, often mixed with Mancozeb to increase efficacy. However, copper resistance is common in many Xanthomonas populations.","Tomato Bacterial Spot - Treatment & Solutions (Chemical & Biological): Chemical Control: Copper-based bactericides are the standard preventative treatment, often mixed with Mancozeb to increase efficacy. However, copper resistance is common in many Xanthomonas populations. Xanthomonas populations copper mancozeb","['Xanthomonas populations', 'copper', 'mancozeb']",tomato_bacterial_spot,tomato,treatment,Treatment & Solutions (Chemical & Biological),False,Tomato_Bacterial_Spot_RAG.pdf,2
67,"Plant Defense Elicitors: Products containing acibenzolar-S-methyl (e.g., Actigard) can trigger the plant's systemic acquired resistance (SAR) to help fight off the bacteria.","Tomato Bacterial Spot - Treatment & Solutions (Chemical & Biological): Plant Defense Elicitors: Products containing acibenzolar-S-methyl (e.g., Actigard) can trigger the plant's systemic acquired resistance (SAR) to help fight off the bacteria. Products containing acibenzolar actigard","['Products containing', 'acibenzolar', 'actigard']",tomato_bacterial_spot,tomato,treatment,Treatment & Solutions (Chemical & Biological),False,Tomato_Bacterial_Spot_RAG.pdf,2
68,Tomato Early Blight: Common Name: Early Blight,Tomato Early Blight - Disease Name & Target Crop: Common Name: Early Blight,[],tomato_early_blight,tomato,identity,Disease Name & Target Crop,True,Tomato_Early_Blight_RAG.pdf,1
69,Tomato Early Blight: Target Crop: Tomato (Solanum lycopersicum),Tomato Early Blight - Disease Name & Target Crop: Target Crop: Tomato (Solanum lycopersicum) Solanum lycopersicum,['Solanum lycopersicum'],tomato_early_blight,tomato,identity,Disease Name & Target Crop,True,Tomato_Early_Blight_RAG.pdf,1
70,Tomato Early Blight: Alternaria linariae (formerly Alternaria tomatophila) and Alternaria solani,Tomato Early Blight - Scientific Name (Pathogen): Alternaria linariae (formerly Alternaria tomatophila) and Alternaria solani Alternaria linariae Alternaria solani Alternaria tomatophila,"['Alternaria linariae', 'Alternaria solani', 'Alternaria tomatophila']",tomato_early_blight,tomato,pathogen,Scientific Name (Pathogen),True,Tomato_Early_Blight_RAG.pdf,1
71,"Early blight is a highly common fungal disease of tomatoes. Despite its name, it can occur at any time during the growing season. It primarily attacks older foliage first, slowly moving up the plant. While it rarely kills the plant outright, severe defoliation significantly reduces yield and exposes fruit to sunscald.","Tomato Early Blight - Disease Overview: Early blight is a highly common fungal disease of tomatoes. Despite its name, it can occur at any time during the growing season. It primarily attacks older foliage first, slowly moving up the plant. While it rarely kills the plant outright, severe defoliation significantly reduces yield and exposes fruit to sunscald. Despite its Early blight","['Despite its', 'Early blight']",tomato_early_blight,tomato,overview,Disease Overview,False,Tomato_Early_Blight_RAG.pdf,1
72,"Tomato Early Blight: Overwintering: The fungus survives in infected plant debris in the soil, on seeds, and on solanaceous weeds (like nightshade).","Tomato Early Blight - Causes & Transmission Vectors: Overwintering: The fungus survives in infected plant debris in the soil, on seeds, and on solanaceous weeds (like nightshade).",[],tomato_early_blight,tomato,transmission,Causes & Transmission Vectors,True,Tomato_Early_Blight_RAG.pdf,1
73,Tomato Early Blight: Transmission: Spores are blown by wind or splashed by rain onto lower leaves.,Tomato Early Blight - Causes & Transmission Vectors: Transmission: Spores are blown by wind or splashed by rain onto lower leaves. Spores are,['Spores are'],tomato_early_blight,tomato,transmission,Causes & Transmission Vectors,True,Tomato_Early_Blight_RAG.pdf,1
74,"Tomato Early Blight: Environment: Favors warm temperatures (75-85°F) paired with heavy dew, rainfall, or high humidity.","Tomato Early Blight - Causes & Transmission Vectors: Environment: Favors warm temperatures (75-85°F) paired with heavy dew, rainfall, or high humidity. Favors warm",['Favors warm'],tomato_early_blight,tomato,transmission,Causes & Transmission Vectors,True,Tomato_Early_Blight_RAG.pdf,1
75,"Foliar Symptoms: Begins on the oldest, lowest leaves as small brown spots. As the spots enlarge (up to 1/2 inch), they develop characteristic concentric rings, resembling a ""bullseye"" or target. The tissue around the spots often turns yellow (chlorosis).","Tomato Early Blight - Symptoms (Early & Advanced Stages): Foliar Symptoms: Begins on the oldest, lowest leaves as small brown spots. As the spots enlarge (up to 1/2 inch), they develop characteristic concentric rings, resembling a ""bullseye"" or target. The tissue around the spots often turns yellow (chlorosis).",[],tomato_early_blight,tomato,symptom,Symptoms (Early & Advanced Stages),False,Tomato_Early_Blight_RAG.pdf,2
76,"Tomato Early Blight: Stem Symptoms: Dark, sunken lesions (cankers) can form on stems, sometimes girdling seedlings (collar rot).","Tomato Early Blight - Symptoms (Early & Advanced Stages): Stem Symptoms: Dark, sunken lesions (cankers) can form on stems, sometimes girdling seedlings (collar rot).",[],tomato_early_blight,tomato,symptom,Symptoms (Early & Advanced Stages),True,Tomato_Early_Blight_RAG.pdf,2
77,"Fruit Symptoms: Infection typically occurs at the stem end of the fruit (the calyx). Lesions are dark, sunken, leathery, and may also show concentric rings.","Tomato Early Blight - Symptoms (Early & Advanced Stages): Fruit Symptoms: Infection typically occurs at the stem end of the fruit (the calyx). Lesions are dark, sunken, leathery, and may also show concentric rings. Infection typically Lesions are","['Infection typically', 'Lesions are']",tomato_early_blight,tomato,symptom,Symptoms (Early & Advanced Stages),False,Tomato_Early_Blight_RAG.pdf,2
78,Cultural Practices: Stake or cage plants and prune lower leaves to keep foliage off the soil and improve airflow. Apply mulch to create a barrier against soil-splashed spores.,Tomato Early Blight - Prevention & Cultural Practices: Cultural Practices: Stake or cage plants and prune lower leaves to keep foliage off the soil and improve airflow. Apply mulch to create a barrier against soil-splashed spores. Apply mulch,['Apply mulch'],tomato_early_blight,tomato,prevention,Prevention & Cultural Practices,False,Tomato_Early_Blight_RAG.pdf,2
79,"Sanitation: Remove and destroy infected plant debris at the end of the season. Rotate crops (no tomatoes, potatoes, or eggplants for 2-3 years).","Tomato Early Blight - Prevention & Cultural Practices: Sanitation: Remove and destroy infected plant debris at the end of the season. Rotate crops (no tomatoes, potatoes, or eggplants for 2-3 years). Remove and Rotate crops","['Remove and', 'Rotate crops']",tomato_early_blight,tomato,prevention,Prevention & Cultural Practices,False,Tomato_Early_Blight_RAG.pdf,2
80,"Fungicides: Preventative sprays are highly effective. Chlorothalonil, Mancozeb, and Copper fungicides are standard protectants. Systemic fungicides may be needed under high disease pressure.","Tomato Early Blight - Treatment & Solutions (Chemical & Biological): Fungicides: Preventative sprays are highly effective. Chlorothalonil, Mancozeb, and Copper fungicides are standard protectants. Systemic fungicides may be needed under high disease pressure. Copper fungicides Preventative sprays Systemic fungicides chlorothalonil copper mancozeb","['Copper fungicides', 'Preventative sprays', 'Systemic fungicides', 'chlorothalonil', 'copper', 'mancozeb']",tomato_early_blight,tomato,treatment,Treatment & Solutions (Chemical & Biological),False,Tomato_Early_Blight_RAG.pdf,2
81,Tomato Early Blight: Biologicals: Biofungicides (like Bacillus subtilis) can be used as a preventative measure in low-pressure or organic systems.,Tomato Early Blight - Treatment & Solutions (Chemical & Biological): Biologicals: Biofungicides (like Bacillus subtilis) can be used as a preventative measure in low-pressure or organic systems. Bacillus subtilis bacillus,"['Bacillus subtilis', 'bacillus']",tomato_early_blight,tomato,treatment,Treatment & Solutions (Chemical & Biological),True,Tomato_Early_Blight_RAG.pdf,2
82,Tomato Late Blight: Common Name: Late Blight,Tomato Late Blight - Disease Name & Target Crop: Common Name: Late Blight,[],tomato_late_blight,tomato,identity,Disease Name & Target Crop,True,Tomato_Late_Blight_RAG.pdf,1
83,Tomato Late Blight: Target Crop: Tomato (Solanum lycopersicum),Tomato Late Blight - Disease Name & Target Crop: Target Crop: Tomato (Solanum lycopersicum) Solanum lycopersicum,['Solanum lycopersicum'],tomato_late_blight,tomato,identity,Disease Name & Target Crop,True,Tomato_Late_Blight_RAG.pdf,1
84,Tomato Late Blight: Phytophthora infestans (an oomycete or water mold),Tomato Late Blight - Scientific Name (Pathogen): Phytophthora infestans (an oomycete or water mold) Phytophthora infestans,['Phytophthora infestans'],tomato_late_blight,tomato,pathogen,Scientific Name (Pathogen),True,Tomato_Late_Blight_RAG.pdf,1
85,Late blight is one of the most destructive plant diseases known (the same pathogen responsible for the Irish Potato Famine). It is highly contagious and can completely destroy a tomato field within a few days under favorable weather conditions. It requires living host tissue to survive over winter in cold climates.,Tomato Late Blight - Disease Overview: Late blight is one of the most destructive plant diseases known (the same pathogen responsible for the Irish Potato Famine). It is highly contagious and can completely destroy a tomato field within a few days under favorable weather conditions. It requires living host tissue to survive over winter in cold climates. Late blight,['Late blight'],tomato_late_blight,tomato,overview,Disease Overview,False,Tomato_Late_Blight_RAG.pdf,1
86,Transmission: Spores (sporangia) are primarily airborne and can travel miles on the wind. They can also be spread by splashing rain or on infected transplants/seed potatoes.,Tomato Late Blight - Causes & Transmission Vectors: Transmission: Spores (sporangia) are primarily airborne and can travel miles on the wind. They can also be spread by splashing rain or on infected transplants/seed potatoes. They can,['They can'],tomato_late_blight,tomato,transmission,Causes & Transmission Vectors,False,Tomato_Late_Blight_RAG.pdf,1
87,"Environment: Thrives in cool, wet weather (60-70°F) with high humidity, heavy dew, or frequent rain. Hot, dry weather stops the progression of the disease.","Tomato Late Blight - Causes & Transmission Vectors: Environment: Thrives in cool, wet weather (60-70°F) with high humidity, heavy dew, or frequent rain. Hot, dry weather stops the progression of the disease.",[],tomato_late_blight,tomato,transmission,Causes & Transmission Vectors,False,Tomato_Late_Blight_RAG.pdf,1
88,"Foliar Symptoms: Large, irregular, water-soaked, pale-green to brown lesions appear on leaves. The lesions are not constrained by leaf veins.","Tomato Late Blight - Symptoms (Early & Advanced Stages): Foliar Symptoms: Large, irregular, water-soaked, pale-green to brown lesions appear on leaves. The lesions are not constrained by leaf veins.",[],tomato_late_blight,tomato,symptom,Symptoms (Early & Advanced Stages),False,Tomato_Late_Blight_RAG.pdf,2
89,"Tomato Late Blight: Fungal Signs: During high humidity or early morning dew, a distinct white, fuzzy mold growth appears on the underside of the leaf lesions.","Tomato Late Blight - Symptoms (Early & Advanced Stages): Fungal Signs: During high humidity or early morning dew, a distinct white, fuzzy mold growth appears on the underside of the leaf lesions. During high",['During high'],tomato_late_blight,tomato,symptom,Symptoms (Early & Advanced Stages),True,Tomato_Late_Blight_RAG.pdf,2
90,"Tomato Late Blight: Stem Symptoms: Dark brown to black, irregular lesions appear on stems and petioles.","Tomato Late Blight - Symptoms (Early & Advanced Stages): Stem Symptoms: Dark brown to black, irregular lesions appear on stems and petioles. Dark brown",['Dark brown'],tomato_late_blight,tomato,symptom,Symptoms (Early & Advanced Stages),True,Tomato_Late_Blight_RAG.pdf,2
91,"Fruit Symptoms: Large, dark brown, firm, greasy-looking patches develop on green or ripe fruit. The fruit eventually rots but remains firm initially.","Tomato Late Blight - Symptoms (Early & Advanced Stages): Fruit Symptoms: Large, dark brown, firm, greasy-looking patches develop on green or ripe fruit. The fruit eventually rots but remains firm initially.",[],tomato_late_blight,tomato,symptom,Symptoms (Early & Advanced Stages),False,Tomato_Late_Blight_RAG.pdf,2
92,Tomato Late Blight: Source Elimination: Destroy volunteer tomato and potato plants. Do not compost store-bought potatoes or infected plant material.,Tomato Late Blight - Prevention & Cultural Practices: Source Elimination: Destroy volunteer tomato and potato plants. Do not compost store-bought potatoes or infected plant material. Destroy volunteer,['Destroy volunteer'],tomato_late_blight,tomato,prevention,Prevention & Cultural Practices,True,Tomato_Late_Blight_RAG.pdf,2
93,Tomato Late Blight: Weather Monitoring: Track regional blight alerts (like USAblight) to know when spores are active in your area.,Tomato Late Blight - Prevention & Cultural Practices: Weather Monitoring: Track regional blight alerts (like USAblight) to know when spores are active in your area. Track regional,['Track regional'],tomato_late_blight,tomato,prevention,Prevention & Cultural Practices,True,Tomato_Late_Blight_RAG.pdf,2
94,"Tomato Late Blight: Resistant Varieties: Plant late-blight resistant tomato varieties (e.g., 'Defiant', 'Mountain Magic', 'Iron Lady').","Tomato Late Blight - Prevention & Cultural Practices: Resistant Varieties: Plant late-blight resistant tomato varieties (e.g., 'Defiant', 'Mountain Magic', 'Iron Lady'). Plant late",['Plant late'],tomato_late_blight,tomato,prevention,Prevention & Cultural Practices,True,Tomato_Late_Blight_RAG.pdf,2
95,"Immediate Action Required: Once identified, infected plants should be immediately pulled, bagged, and destroyed (not composted) to protect neighboring crops.","Tomato Late Blight - Treatment & Solutions (Chemical & Biological): Immediate Action Required: Once identified, infected plants should be immediately pulled, bagged, and destroyed (not composted) to protect neighboring crops. Once identified",['Once identified'],tomato_late_blight,tomato,treatment,Treatment & Solutions (Chemical & Biological),False,Tomato_Late_Blight_RAG.pdf,2
96,"Fungicides: Preventative applications (Chlorothalonil, Copper) must be applied before infection during favorable weather. If infection begins, targeted oomycete-specific systemic fungicides (e.g., Mefenoxam, if the strain is not resistant) are required, but often cannot save heavily infected plants.","Tomato Late Blight - Treatment & Solutions (Chemical & Biological): Fungicides: Preventative applications (Chlorothalonil, Copper) must be applied before infection during favorable weather. If infection begins, targeted oomycete-specific systemic fungicides (e.g., Mefenoxam, if the strain is not resistant) are required, but often cannot save heavily infected plants. Preventative applications chlorothalonil copper mefenoxam","['Preventative applications', 'chlorothalonil', 'copper', 'mefenoxam']",tomato_late_blight,tomato,treatment,Treatment & Solutions (Chemical & Biological),False,Tomato_Late_Blight_RAG.pdf,2
97,Tomato Leaf Mold: Common Name: Leaf Mold,Tomato Leaf Mold - Disease Name & Target Crop: Common Name: Leaf Mold,[],tomato_leaf_mold,tomato,identity,Disease Name & Target Crop,True,Tomato_Leaf_Mold_RAG.pdf,1
98,Tomato Leaf Mold: Target Crop: Tomato (Solanum lycopersicum),Tomato Leaf Mold - Disease Name & Target Crop: Target Crop: Tomato (Solanum lycopersicum) Solanum lycopersicum,['Solanum lycopersicum'],tomato_leaf_mold,tomato,identity,Disease Name & Target Crop,True,Tomato_Leaf_Mold_RAG.pdf,1
99,Tomato Leaf Mold: Passalora fulva (formerly Fulvia fulva or Cladosporium fulvum),Tomato Leaf Mold - Scientific Name (Pathogen): Passalora fulva (formerly Fulvia fulva or Cladosporium fulvum) Cladosporium fulvum Fulvia fulva Passalora fulva,"['Cladosporium fulvum', 'Fulvia fulva', 'Passalora fulva']",tomato_leaf_mold,tomato,pathogen,Scientific Name (Pathogen),True,Tomato_Leaf_Mold_RAG.pdf,1
100,"Leaf mold is a fungal disease that is primarily a problem in high tunnels, greenhouses, or densely planted fields where relative humidity is consistently very high. It rarely affects outdoor crops in dry climates. The disease targets foliage, leading to premature leaf drop and reduced yields.","Tomato Leaf Mold - Disease Overview: Leaf mold is a fungal disease that is primarily a problem in high tunnels, greenhouses, or densely planted fields where relative humidity is consistently very high. It rarely affects outdoor crops in dry climates. The disease targets foliage, leading to premature leaf drop and reduced yields. Leaf mold",['Leaf mold'],tomato_leaf_mold,tomato,overview,Disease Overview,False,Tomato_Leaf_Mold_RAG.pdf,1
101,Tomato Leaf Mold: Environment (Primary Driver): The pathogen strictly requires high relative humidity (greater than 85%) to infect and produce spores.,Tomato Leaf Mold - Causes & Transmission Vectors: Environment (Primary Driver): The pathogen strictly requires high relative humidity (greater than 85%) to infect and produce spores.,[],tomato_leaf_mold,tomato,transmission,Causes & Transmission Vectors,True,Tomato_Leaf_Mold_RAG.pdf,1
102,"Tomato Leaf Mold: Overwintering: Survives as sclerotia (hardened fungal masses) or spores in crop debris, on greenhouse structures, and in soil.","Tomato Leaf Mold - Causes & Transmission Vectors: Overwintering: Survives as sclerotia (hardened fungal masses) or spores in crop debris, on greenhouse structures, and in soil.",[],tomato_leaf_mold,tomato,transmission,Causes & Transmission Vectors,True,Tomato_Leaf_Mold_RAG.pdf,1
103,"Tomato Leaf Mold: Transmission: Spores are easily spread by air currents, splashing water, workers' clothing, and tools.","Tomato Leaf Mold - Causes & Transmission Vectors: Transmission: Spores are easily spread by air currents, splashing water, workers' clothing, and tools. Spores are",['Spores are'],tomato_leaf_mold,tomato,transmission,Causes & Transmission Vectors,True,Tomato_Leaf_Mold_RAG.pdf,1
104,"Tomato Leaf Mold: Upper Leaf Surface: Older leaves show pale greenish-yellow, diffuse spots with indistinct margins.","Tomato Leaf Mold - Symptoms (Early & Advanced Stages): Upper Leaf Surface: Older leaves show pale greenish-yellow, diffuse spots with indistinct margins. Older leaves",['Older leaves'],tomato_leaf_mold,tomato,symptom,Symptoms (Early & Advanced Stages),True,Tomato_Leaf_Mold_RAG.pdf,2
105,"Lower Leaf Surface (Diagnostic Sign): Directly beneath the yellow spots on the upper surface, the lower surface develops a dense, velvety mold. This mold starts olive-green and turns grayish-purple to brown as it ages.","Tomato Leaf Mold - Symptoms (Early & Advanced Stages): Lower Leaf Surface (Diagnostic Sign): Directly beneath the yellow spots on the upper surface, the lower surface develops a dense, velvety mold. This mold starts olive-green and turns grayish-purple to brown as it ages. Directly beneath This mold","['Directly beneath', 'This mold']",tomato_leaf_mold,tomato,symptom,Symptoms (Early & Advanced Stages),False,Tomato_Leaf_Mold_RAG.pdf,2
106,"Tomato Leaf Mold: Progression: Infected leaves eventually turn completely yellow, wither, and drop prematurely. Fruit infections are very rare.","Tomato Leaf Mold - Symptoms (Early & Advanced Stages): Progression: Infected leaves eventually turn completely yellow, wither, and drop prematurely. Fruit infections are very rare. Fruit infections Infected leaves","['Fruit infections', 'Infected leaves']",tomato_leaf_mold,tomato,symptom,Symptoms (Early & Advanced Stages),True,Tomato_Leaf_Mold_RAG.pdf,2
107,"Humidity Control (Crucial): In high tunnels or greenhouses, maximize ventilation (roll up sides, use fans, vent roofs) and heat the air to drop relative humidity below 85%.","Tomato Leaf Mold - Prevention & Cultural Practices: Humidity Control (Crucial): In high tunnels or greenhouses, maximize ventilation (roll up sides, use fans, vent roofs) and heat the air to drop relative humidity below 85%.",[],tomato_leaf_mold,tomato,prevention,Prevention & Cultural Practices,False,Tomato_Leaf_Mold_RAG.pdf,2
108,Tomato Leaf Mold: Spacing & Pruning: Increase plant spacing and aggressively prune lower leaves to ensure excellent airflow through the plant canopy.,Tomato Leaf Mold - Prevention & Cultural Practices: Spacing & Pruning: Increase plant spacing and aggressively prune lower leaves to ensure excellent airflow through the plant canopy. Increase plant,['Increase plant'],tomato_leaf_mold,tomato,prevention,Prevention & Cultural Practices,True,Tomato_Leaf_Mold_RAG.pdf,2
109,"Resistant Varieties: Many greenhouse-specific tomato varieties are bred with resistance to Leaf Mold, though the fungus frequently mutates to overcome these genes.","Tomato Leaf Mold - Prevention & Cultural Practices: Resistant Varieties: Many greenhouse-specific tomato varieties are bred with resistance to Leaf Mold, though the fungus frequently mutates to overcome these genes. Many greenhouse",['Many greenhouse'],tomato_leaf_mold,tomato,prevention,Prevention & Cultural Practices,False,Tomato_Leaf_Mold_RAG.pdf,2
110,Environmental Correction: Chemical treatments are largely ineffective if high humidity is not corrected first. Lowering humidity stops the disease progression.,Tomato Leaf Mold - Treatment & Solutions (Chemical & Biological): Environmental Correction: Chemical treatments are largely ineffective if high humidity is not corrected first. Lowering humidity stops the disease progression. Chemical treatments Lowering humidity,"['Chemical treatments', 'Lowering humidity']",tomato_leaf_mold,tomato,treatment,Treatment & Solutions (Chemical & Biological),False,Tomato_Leaf_Mold_RAG.pdf,2
111,"Fungicides: If environmental control is insufficient, protectant fungicides like Chlorothalonil or Copper, or systemic options like Difenoconazole, can be applied, focusing on covering the undersides of the leaves.","Tomato Leaf Mold - Treatment & Solutions (Chemical & Biological): Fungicides: If environmental control is insufficient, protectant fungicides like Chlorothalonil or Copper, or systemic options like Difenoconazole, can be applied, focusing on covering the undersides of the leaves. chlorothalonil copper difenoconazole","['chlorothalonil', 'copper', 'difenoconazole']",tomato_leaf_mold,tomato,treatment,Treatment & Solutions (Chemical & Biological),False,Tomato_Leaf_Mold_RAG.pdf,2
112,Tomato Septoria Leaf Spot: Common Name: Septoria Leaf Spot,Tomato Septoria Leaf Spot - Disease Name & Target Crop: Common Name: Septoria Leaf Spot,[],tomato_septoria_leaf_spot,tomato,identity,Disease Name & Target Crop,True,Tomato_Septoria_Leaf_Spot_RAG.pdf,1
113,Tomato Septoria Leaf Spot: Target Crop: Tomato (Solanum lycopersicum),Tomato Septoria Leaf Spot - Disease Name & Target Crop: Target Crop: Tomato (Solanum lycopersicum) Solanum lycopersicum,['Solanum lycopersicum'],tomato_septoria_leaf_spot,tomato,identity,Disease Name & Target Crop,True,Tomato_Septoria_Leaf_Spot_RAG.pdf,1
114,Tomato Septoria Leaf Spot: Septoria lycopersici (Fungus),Tomato Septoria Leaf Spot - Scientific Name (Pathogen): Septoria lycopersici (Fungus) Septoria lycopersici,['Septoria lycopersici'],tomato_septoria_leaf_spot,tomato,pathogen,Scientific Name (Pathogen),True,Tomato_Septoria_Leaf_Spot_RAG.pdf,1
115,"Septoria leaf spot is a very common and destructive foliar disease of tomatoes. While it rarely infects the fruit directly, it can cause rapid and severe defoliation. This loss of canopy exposes the fruit to sunscald and prevents the plant from maturing its crop properly.","Tomato Septoria Leaf Spot - Disease Overview: Septoria leaf spot is a very common and destructive foliar disease of tomatoes. While it rarely infects the fruit directly, it can cause rapid and severe defoliation. This loss of canopy exposes the fruit to sunscald and prevents the plant from maturing its crop properly. Septoria leaf This loss","['Septoria leaf', 'This loss']",tomato_septoria_leaf_spot,tomato,overview,Disease Overview,False,Tomato_Septoria_Leaf_Spot_RAG.pdf,1
116,"Tomato Septoria Leaf Spot: Overwintering: The fungus survives winter in infected tomato debris, on seeds, and on solanaceous weeds (like jimsonweed and nightshade).","Tomato Septoria Leaf Spot - Causes & Transmission Vectors: Overwintering: The fungus survives winter in infected tomato debris, on seeds, and on solanaceous weeds (like jimsonweed and nightshade).",[],tomato_septoria_leaf_spot,tomato,transmission,Causes & Transmission Vectors,True,Tomato_Septoria_Leaf_Spot_RAG.pdf,1
117,"Transmission: Spores are splashed by rain or overhead irrigation from the soil onto the lower leaves. It can also be spread by hands, clothing, or tools.","Tomato Septoria Leaf Spot - Causes & Transmission Vectors: Transmission: Spores are splashed by rain or overhead irrigation from the soil onto the lower leaves. It can also be spread by hands, clothing, or tools. Spores are",['Spores are'],tomato_septoria_leaf_spot,tomato,transmission,Causes & Transmission Vectors,False,Tomato_Septoria_Leaf_Spot_RAG.pdf,1
118,"Tomato Septoria Leaf Spot: Environment: Thrives in wet, humid conditions with moderate temperatures (68-77°F / 20-25°C).","Tomato Septoria Leaf Spot - Causes & Transmission Vectors: Environment: Thrives in wet, humid conditions with moderate temperatures (68-77°F / 20-25°C).",[],tomato_septoria_leaf_spot,tomato,transmission,Causes & Transmission Vectors,True,Tomato_Septoria_Leaf_Spot_RAG.pdf,1
119,"Foliar Lesions: Symptoms usually appear on the older, lower leaves first after the plant begins setting fruit. Lesions are small (1/16 to 1/8 inch), circular spots with dark brown margins and lighter tan or gray centers.","Tomato Septoria Leaf Spot - Symptoms (Early & Advanced Stages): Foliar Lesions: Symptoms usually appear on the older, lower leaves first after the plant begins setting fruit. Lesions are small (1/16 to 1/8 inch), circular spots with dark brown margins and lighter tan or gray centers. Lesions are Symptoms usually","['Lesions are', 'Symptoms usually']",tomato_septoria_leaf_spot,tomato,symptom,Symptoms (Early & Advanced Stages),False,Tomato_Septoria_Leaf_Spot_RAG.pdf,2
120,"Pycnidia (Fruiting Bodies): A key diagnostic feature is the presence of tiny black specks (pycnidia) in the light-colored center of the spots, visible with a hand lens.","Tomato Septoria Leaf Spot - Symptoms (Early & Advanced Stages): Pycnidia (Fruiting Bodies): A key diagnostic feature is the presence of tiny black specks (pycnidia) in the light-colored center of the spots, visible with a hand lens.",[],tomato_septoria_leaf_spot,tomato,symptom,Symptoms (Early & Advanced Stages),False,Tomato_Septoria_Leaf_Spot_RAG.pdf,2
121,"Tomato Septoria Leaf Spot: Progression: Heavily infected leaves turn yellow, wither, and eventually fall off. The disease quickly moves up the canopy.","Tomato Septoria Leaf Spot - Symptoms (Early & Advanced Stages): Progression: Heavily infected leaves turn yellow, wither, and eventually fall off. The disease quickly moves up the canopy. Heavily infected",['Heavily infected'],tomato_septoria_leaf_spot,tomato,symptom,Symptoms (Early & Advanced Stages),True,Tomato_Septoria_Leaf_Spot_RAG.pdf,2
122,"Sanitation & Rotation: Remove and destroy infected plant debris at the end of the season. Rotate crops, avoiding tomatoes or other solanaceous crops in the same spot for 3 years.","Tomato Septoria Leaf Spot - Prevention & Cultural Practices: Sanitation & Rotation: Remove and destroy infected plant debris at the end of the season. Rotate crops, avoiding tomatoes or other solanaceous crops in the same spot for 3 years. Remove and Rotate crops","['Remove and', 'Rotate crops']",tomato_septoria_leaf_spot,tomato,prevention,Prevention & Cultural Practices,False,Tomato_Septoria_Leaf_Spot_RAG.pdf,2
123,Mulching & Watering: Apply a thick layer of mulch to prevent soilborne spores from splashing onto foliage. Water at the base of the plant using drip irrigation; keep leaves dry.,Tomato Septoria Leaf Spot - Prevention & Cultural Practices: Mulching & Watering: Apply a thick layer of mulch to prevent soilborne spores from splashing onto foliage. Water at the base of the plant using drip irrigation; keep leaves dry.,[],tomato_septoria_leaf_spot,tomato,prevention,Prevention & Cultural Practices,False,Tomato_Septoria_Leaf_Spot_RAG.pdf,2
124,Tomato Septoria Leaf Spot: Airflow: Stake or cage plants and space them adequately to promote rapid drying of foliage.,Tomato Septoria Leaf Spot - Prevention & Cultural Practices: Airflow: Stake or cage plants and space them adequately to promote rapid drying of foliage.,[],tomato_septoria_leaf_spot,tomato,prevention,Prevention & Cultural Practices,True,Tomato_Septoria_Leaf_Spot_RAG.pdf,2
125,"Fungicides: Preventative fungicide applications are highly effective. Protectants like Chlorothalonil, Mancozeb, and Copper fungicides should be applied when conditions favor the disease, or at the first sign of leaf spots.","Tomato Septoria Leaf Spot - Treatment & Solutions (Chemical & Biological): Fungicides: Preventative fungicide applications are highly effective. Protectants like Chlorothalonil, Mancozeb, and Copper fungicides should be applied when conditions favor the disease, or at the first sign of leaf spots. Copper fungicides Preventative fungicide Protectants like chlorothalonil copper mancozeb","['Copper fungicides', 'Preventative fungicide', 'Protectants like', 'chlorothalonil', 'copper', 'mancozeb']",tomato_septoria_leaf_spot,tomato,treatment,Treatment & Solutions (Chemical & Biological),False,Tomato_Septoria_Leaf_Spot_RAG.pdf,2
126,Tomato Septoria Leaf Spot: Pruning: Immediately remove and destroy early infected lower leaves to slow the upward spread of spores.,Tomato Septoria Leaf Spot - Treatment & Solutions (Chemical & Biological): Pruning: Immediately remove and destroy early infected lower leaves to slow the upward spread of spores. Immediately remove,['Immediately remove'],tomato_septoria_leaf_spot,tomato,treatment,Treatment & Solutions (Chemical & Biological),True,Tomato_Septoria_Leaf_Spot_RAG.pdf,2
127,Tomato Spider Mites: Common Name: Two-Spotted Spider Mite,Tomato Spider Mites - Disease Name & Target Crop: Common Name: Two-Spotted Spider Mite,[],tomato_spider_mites,tomato,identity,Disease Name & Target Crop,True,Tomato_Spider_Mites_RAG.pdf,1
128,Tomato Spider Mites: Target Crop: Tomato (Solanum lycopersicum),Tomato Spider Mites - Disease Name & Target Crop: Target Crop: Tomato (Solanum lycopersicum) Solanum lycopersicum,['Solanum lycopersicum'],tomato_spider_mites,tomato,identity,Disease Name & Target Crop,True,Tomato_Spider_Mites_RAG.pdf,1
129,"Tomato Spider Mites: Tetranychus urticae (Arachnid/Pest, not a pathogen)","Tomato Spider Mites - Scientific Name (Pathogen): Tetranychus urticae (Arachnid/Pest, not a pathogen) Tetranychus urticae",['Tetranychus urticae'],tomato_spider_mites,tomato,pathogen,Scientific Name (Pathogen),True,Tomato_Spider_Mites_RAG.pdf,1
130,"Spider mites are not insects, but tiny eight-legged arachnids that feed by piercing plant cells and sucking out the contents. They are a major pest of tomatoes, capable of multiplying explosively and causing severe damage or plant death, especially during hot, dry weather.","Tomato Spider Mites - Disease Overview: Spider mites are not insects, but tiny eight-legged arachnids that feed by piercing plant cells and sucking out the contents. They are a major pest of tomatoes, capable of multiplying explosively and causing severe damage or plant death, especially during hot, dry weather. Spider mites They are","['Spider mites', 'They are']",tomato_spider_mites,tomato,overview,Disease Overview,False,Tomato_Spider_Mites_RAG.pdf,1
131,"Environment (Primary Driver): Spider mite populations explode in hot, dry, dusty conditions. Drought-stressed plants are particularly vulnerable.","Tomato Spider Mites - Causes & Transmission Vectors: Environment (Primary Driver): Spider mite populations explode in hot, dry, dusty conditions. Drought-stressed plants are particularly vulnerable. Spider mite",['Spider mite'],tomato_spider_mites,tomato,transmission,Causes & Transmission Vectors,False,Tomato_Spider_Mites_RAG.pdf,1
132,"Transmission: Mites are easily carried on the wind (via silk threads), on clothing, tools, or by pets and wildlife moving through the garden.","Tomato Spider Mites - Causes & Transmission Vectors: Transmission: Mites are easily carried on the wind (via silk threads), on clothing, tools, or by pets and wildlife moving through the garden. Mites are",['Mites are'],tomato_spider_mites,tomato,transmission,Causes & Transmission Vectors,False,Tomato_Spider_Mites_RAG.pdf,1
133,"Tomato Spider Mites: Overwintering: Females overwinter in soil debris, bark crevices, or on perennial weeds.","Tomato Spider Mites - Causes & Transmission Vectors: Overwintering: Females overwinter in soil debris, bark crevices, or on perennial weeds. Females overwinter",['Females overwinter'],tomato_spider_mites,tomato,transmission,Causes & Transmission Vectors,True,Tomato_Spider_Mites_RAG.pdf,1
134,Tomato Spider Mites: Stippling: Initial feeding causes tiny yellow or white speckles (stippling) on the upper surface of the leaves.,Tomato Spider Mites - Symptoms (Early & Advanced Stages): Stippling: Initial feeding causes tiny yellow or white speckles (stippling) on the upper surface of the leaves. Initial feeding,['Initial feeding'],tomato_spider_mites,tomato,symptom,Symptoms (Early & Advanced Stages),True,Tomato_Spider_Mites_RAG.pdf,1
135,"Tomato Spider Mites: Webbing: As populations grow, fine, silk-like webbing becomes visible on the undersides of leaves and at the junction of leaf stems.","Tomato Spider Mites - Symptoms (Early & Advanced Stages): Webbing: As populations grow, fine, silk-like webbing becomes visible on the undersides of leaves and at the junction of leaf stems.",[],tomato_spider_mites,tomato,symptom,Symptoms (Early & Advanced Stages),True,Tomato_Spider_Mites_RAG.pdf,1
136,"Tomato Spider Mites: Advanced Damage: Leaves eventually turn bronze, yellow, or gray, become dry and brittle, and fall off. Plant growth is severely stunted.","Tomato Spider Mites - Symptoms (Early & Advanced Stages): Advanced Damage: Leaves eventually turn bronze, yellow, or gray, become dry and brittle, and fall off. Plant growth is severely stunted. Leaves eventually Plant growth","['Leaves eventually', 'Plant growth']",tomato_spider_mites,tomato,symptom,Symptoms (Early & Advanced Stages),True,Tomato_Spider_Mites_RAG.pdf,1
137,Moisture Management: Keep plants adequately watered to prevent drought stress. Regularly washing plants with a strong stream of water can physically remove mites and destroy their webbing.,Tomato Spider Mites - Prevention & Cultural Practices: Moisture Management: Keep plants adequately watered to prevent drought stress. Regularly washing plants with a strong stream of water can physically remove mites and destroy their webbing. Keep plants Regularly washing,"['Keep plants', 'Regularly washing']",tomato_spider_mites,tomato,prevention,Prevention & Cultural Practices,False,Tomato_Spider_Mites_RAG.pdf,2
138,Tomato Spider Mites: Dust Control: Spider mites thrive in dusty conditions. Keep pathways watered down or mulched.,Tomato Spider Mites - Prevention & Cultural Practices: Dust Control: Spider mites thrive in dusty conditions. Keep pathways watered down or mulched. Keep pathways Spider mites,"['Keep pathways', 'Spider mites']",tomato_spider_mites,tomato,prevention,Prevention & Cultural Practices,True,Tomato_Spider_Mites_RAG.pdf,2
139,Tomato Spider Mites: Weed Control: Eliminate broadleaf weeds around the garden that can harbor mite populations.,Tomato Spider Mites - Prevention & Cultural Practices: Weed Control: Eliminate broadleaf weeds around the garden that can harbor mite populations. Eliminate broadleaf,['Eliminate broadleaf'],tomato_spider_mites,tomato,prevention,Prevention & Cultural Practices,True,Tomato_Spider_Mites_RAG.pdf,2
140,"Tomato Spider Mites: Biological Control: Introduce predatory mites, such as Phytoseiulus persimilis, which actively hunt and consume spider mites.","Tomato Spider Mites - Treatment & Solutions (Chemical & Biological): Biological Control: Introduce predatory mites, such as Phytoseiulus persimilis, which actively hunt and consume spider mites. Introduce predatory Phytoseiulus persimilis phytoseiulus","['Introduce predatory', 'Phytoseiulus persimilis', 'phytoseiulus']",tomato_spider_mites,tomato,treatment,Treatment & Solutions (Chemical & Biological),True,Tomato_Spider_Mites_RAG.pdf,2
141,"Horticultural Oils & Soaps: Neem oil, horticultural oils, and insecticidal soaps are effective but must thoroughly coat the undersides of the leaves to smother the mites. Do not apply oils in extreme heat (above 90°F) to avoid leaf burn.","Tomato Spider Mites - Treatment & Solutions (Chemical & Biological): Horticultural Oils & Soaps: Neem oil, horticultural oils, and insecticidal soaps are effective but must thoroughly coat the undersides of the leaves to smother the mites. Do not apply oils in extreme heat (above 90°F) to avoid leaf burn. Neem oil neem","['Neem oil', 'neem']",tomato_spider_mites,tomato,treatment,Treatment & Solutions (Chemical & Biological),False,Tomato_Spider_Mites_RAG.pdf,2
142,"Miticides: Chemical miticides (acaricides) can be used for severe infestations, but mites rapidly develop resistance, so modes of action must be rotated.","Tomato Spider Mites - Treatment & Solutions (Chemical & Biological): Miticides: Chemical miticides (acaricides) can be used for severe infestations, but mites rapidly develop resistance, so modes of action must be rotated. Chemical miticides",['Chemical miticides'],tomato_spider_mites,tomato,treatment,Treatment & Solutions (Chemical & Biological),False,Tomato_Spider_Mites_RAG.pdf,2
143,Tomato Target Spot: Common Name: Target Spot,Tomato Target Spot - Disease Name & Target Crop: Common Name: Target Spot,[],tomato_target_spot,tomato,identity,Disease Name & Target Crop,True,Tomato_Target_Spot_RAG.pdf,1
144,Tomato Target Spot: Target Crop: Tomato (Solanum lycopersicum),Tomato Target Spot - Disease Name & Target Crop: Target Crop: Tomato (Solanum lycopersicum) Solanum lycopersicum,['Solanum lycopersicum'],tomato_target_spot,tomato,identity,Disease Name & Target Crop,True,Tomato_Target_Spot_RAG.pdf,1
145,Tomato Target Spot: Corynespora cassiicola (Fungus),Tomato Target Spot - Scientific Name (Pathogen): Corynespora cassiicola (Fungus) Corynespora cassiicola,['Corynespora cassiicola'],tomato_target_spot,tomato,pathogen,Scientific Name (Pathogen),True,Tomato_Target_Spot_RAG.pdf,1
146,"Target spot is a fungal disease that affects all above-ground parts of the tomato plant, including leaves, stems, and fruit. It is particularly problematic in tropical and subtropical regions, or in high-humidity greenhouse environments. It can cause significant defoliation and direct fruit loss.","Tomato Target Spot - Disease Overview: Target spot is a fungal disease that affects all above-ground parts of the tomato plant, including leaves, stems, and fruit. It is particularly problematic in tropical and subtropical regions, or in high-humidity greenhouse environments. It can cause significant defoliation and direct fruit loss. Target spot",['Target spot'],tomato_target_spot,tomato,overview,Disease Overview,False,Tomato_Target_Spot_RAG.pdf,1
147,"Overwintering: Survives in crop debris and has a very wide host range, including many weeds and other crops (like cucumber, papaya, and cotton).","Tomato Target Spot - Causes & Transmission Vectors: Overwintering: Survives in crop debris and has a very wide host range, including many weeds and other crops (like cucumber, papaya, and cotton).",[],tomato_target_spot,tomato,transmission,Causes & Transmission Vectors,False,Tomato_Target_Spot_RAG.pdf,1
148,Tomato Target Spot: Transmission: Spores (conidia) are spread by wind currents and splashing water.,Tomato Target Spot - Causes & Transmission Vectors: Transmission: Spores (conidia) are spread by wind currents and splashing water.,[],tomato_target_spot,tomato,transmission,Causes & Transmission Vectors,True,Tomato_Target_Spot_RAG.pdf,1
149,Tomato Target Spot: Environment: Requires prolonged leaf wetness (over 16 hours) and high relative humidity. Favors warm temperatures (68-82°F / 20-28°C).,Tomato Target Spot - Causes & Transmission Vectors: Environment: Requires prolonged leaf wetness (over 16 hours) and high relative humidity. Favors warm temperatures (68-82°F / 20-28°C). Favors warm Requires prolonged,"['Favors warm', 'Requires prolonged']",tomato_target_spot,tomato,transmission,Causes & Transmission Vectors,True,Tomato_Target_Spot_RAG.pdf,1
150,"Foliar Lesions: Begins as small, pinpoint, water-soaked spots on leaves. These enlarge into circular spots with light brown centers and dark margins. As they grow, they often develop faint concentric rings (resembling a target), sometimes with a yellow halo.","Tomato Target Spot - Symptoms (Early & Advanced Stages): Foliar Lesions: Begins as small, pinpoint, water-soaked spots on leaves. These enlarge into circular spots with light brown centers and dark margins. As they grow, they often develop faint concentric rings (resembling a target), sometimes with a yellow halo. These enlarge",['These enlarge'],tomato_target_spot,tomato,symptom,Symptoms (Early & Advanced Stages),False,Tomato_Target_Spot_RAG.pdf,2
151,"Tomato Target Spot: Stem Lesions: Dark brown, elongated lesions form on stems and petioles.","Tomato Target Spot - Symptoms (Early & Advanced Stages): Stem Lesions: Dark brown, elongated lesions form on stems and petioles. Dark brown",['Dark brown'],tomato_target_spot,tomato,symptom,Symptoms (Early & Advanced Stages),True,Tomato_Target_Spot_RAG.pdf,2
152,"Fruit Symptoms: Small, brown, slightly sunken spots develop on green or ripe fruit. As the spots enlarge, they form distinct, sunken target-like rings that eventually lead to deep fruit rot.","Tomato Target Spot - Symptoms (Early & Advanced Stages): Fruit Symptoms: Small, brown, slightly sunken spots develop on green or ripe fruit. As the spots enlarge, they form distinct, sunken target-like rings that eventually lead to deep fruit rot.",[],tomato_target_spot,tomato,symptom,Symptoms (Early & Advanced Stages),False,Tomato_Target_Spot_RAG.pdf,2
153,"Canopy Management: Ensure excellent airflow by properly spacing plants, pruning suckers, and removing lower leaves to reduce humidity within the canopy.","Tomato Target Spot - Prevention & Cultural Practices: Canopy Management: Ensure excellent airflow by properly spacing plants, pruning suckers, and removing lower leaves to reduce humidity within the canopy. Ensure excellent",['Ensure excellent'],tomato_target_spot,tomato,prevention,Prevention & Cultural Practices,False,Tomato_Target_Spot_RAG.pdf,2
154,Tomato Target Spot: Water Management: Avoid overhead irrigation; use drip tape. Ensure foliage can dry quickly after morning dew.,Tomato Target Spot - Prevention & Cultural Practices: Water Management: Avoid overhead irrigation; use drip tape. Ensure foliage can dry quickly after morning dew. Avoid overhead Ensure foliage,"['Avoid overhead', 'Ensure foliage']",tomato_target_spot,tomato,prevention,Prevention & Cultural Practices,True,Tomato_Target_Spot_RAG.pdf,2
155,Tomato Target Spot: Sanitation: Remove and destroy all plant debris post-harvest and maintain strict weed control around the growing area.,Tomato Target Spot - Prevention & Cultural Practices: Sanitation: Remove and destroy all plant debris post-harvest and maintain strict weed control around the growing area. Remove and,['Remove and'],tomato_target_spot,tomato,prevention,Prevention & Cultural Practices,True,Tomato_Target_Spot_RAG.pdf,2
156,Fungicides: Preventative spray programs are necessary in high-pressure areas. Protectants like Chlorothalonil and Mancozeb are standard. Systemic fungicides (like azoxystrobin or difenoconazole) are effective but must be rotated to prevent the fungus from developing resistance.,Tomato Target Spot - Treatment & Solutions (Chemical & Biological): Fungicides: Preventative spray programs are necessary in high-pressure areas. Protectants like Chlorothalonil and Mancozeb are standard. Systemic fungicides (like azoxystrobin or difenoconazole) are effective but must be rotated to prevent the fungus from developing resistance. Chlorothalonil and Mancozeb are Preventative spray Protectants like Systemic fungicides azoxystrobin chlorothalonil difenoconazole mancozeb,"['Chlorothalonil and', 'Mancozeb are', 'Preventative spray', 'Protectants like', 'Systemic fungicides', 'azoxystrobin', 'chlorothalonil', 'difenoconazole', 'mancozeb']",tomato_target_spot,tomato,treatment,Treatment & Solutions (Chemical & Biological),False,Tomato_Target_Spot_RAG.pdf,2
157,Tomato Yellow Leaf Curl Virus: Common Name: TYLCV,Tomato Yellow Leaf Curl Virus - Disease Name & Target Crop: Common Name: TYLCV,[],tomato_yellowleaf_curl_virus,tomato,identity,Disease Name & Target Crop,True,Tomato_Yellow_Leaf_Curl_Virus_RAG.pdf,1
158,Tomato Yellow Leaf Curl Virus: Target Crop: Tomato (Solanum lycopersicum),Tomato Yellow Leaf Curl Virus - Disease Name & Target Crop: Target Crop: Tomato (Solanum lycopersicum) Solanum lycopersicum,['Solanum lycopersicum'],tomato_yellowleaf_curl_virus,tomato,identity,Disease Name & Target Crop,True,Tomato_Yellow_Leaf_Curl_Virus_RAG.pdf,1
159,Tomato Yellow Leaf Curl Virus: Tomato yellow leaf curl virus (TYLCV) - A Begomovirus,Tomato Yellow Leaf Curl Virus - Scientific Name (Pathogen): Tomato yellow leaf curl virus (TYLCV) - A Begomovirus Tomato yellow,['Tomato yellow'],tomato_yellowleaf_curl_virus,tomato,pathogen,Scientific Name (Pathogen),True,Tomato_Yellow_Leaf_Curl_Virus_RAG.pdf,1
160,"Tomato yellow leaf curl virus (TYLCV) is one of the most devastating viral diseases of tomatoes worldwide. It causes severe stunting and drastically reduces fruit yield. If plants are infected early in their development, they may produce no marketable fruit at all. There is no cure once a plant is infected.","Tomato Yellow Leaf Curl Virus - Disease Overview: Tomato yellow leaf curl virus (TYLCV) is one of the most devastating viral diseases of tomatoes worldwide. It causes severe stunting and drastically reduces fruit yield. If plants are infected early in their development, they may produce no marketable fruit at all. There is no cure once a plant is infected. Tomato yellow",['Tomato yellow'],tomato_yellowleaf_curl_virus,tomato,overview,Disease Overview,False,Tomato_Yellow_Leaf_Curl_Virus_RAG.pdf,1
161,"Vector Transmission: The virus is transmitted exclusively by the silverleaf whitefly (Bemisia tabaci). When the whitefly feeds on an infected plant, it acquires the virus and can transmit it to healthy plants for the rest of its life.","Tomato Yellow Leaf Curl Virus - Causes & Transmission Vectors: Vector Transmission: The virus is transmitted exclusively by the silverleaf whitefly (Bemisia tabaci). When the whitefly feeds on an infected plant, it acquires the virus and can transmit it to healthy plants for the rest of its life. Bemisia tabaci When the","['Bemisia tabaci', 'When the']",tomato_yellowleaf_curl_virus,tomato,transmission,Causes & Transmission Vectors,False,Tomato_Yellow_Leaf_Curl_Virus_RAG.pdf,1
162,"Tomato Yellow Leaf Curl Virus: Non-Vectors: TYLCV is not transmitted through seeds, soil, splashing water, or mechanical contact (handling tools or plants).","Tomato Yellow Leaf Curl Virus - Causes & Transmission Vectors: Non-Vectors: TYLCV is not transmitted through seeds, soil, splashing water, or mechanical contact (handling tools or plants).",[],tomato_yellowleaf_curl_virus,tomato,transmission,Causes & Transmission Vectors,True,Tomato_Yellow_Leaf_Curl_Virus_RAG.pdf,1
163,"Weed Hosts: The virus and the whiteflies can survive in various weed reservoirs (e.g., nightshade, jimsonweed) when tomatoes are not actively growing.","Tomato Yellow Leaf Curl Virus - Causes & Transmission Vectors: Weed Hosts: The virus and the whiteflies can survive in various weed reservoirs (e.g., nightshade, jimsonweed) when tomatoes are not actively growing.",[],tomato_yellowleaf_curl_virus,tomato,transmission,Causes & Transmission Vectors,False,Tomato_Yellow_Leaf_Curl_Virus_RAG.pdf,1
164,"Stunting: Plants show severe growth stunting, especially if infected when young. The internodes (stem sections between leaves) become very short, resulting in a bushy, compacted appearance.","Tomato Yellow Leaf Curl Virus - Symptoms (Early & Advanced Stages): Stunting: Plants show severe growth stunting, especially if infected when young. The internodes (stem sections between leaves) become very short, resulting in a bushy, compacted appearance. Plants show",['Plants show'],tomato_yellowleaf_curl_virus,tomato,symptom,Symptoms (Early & Advanced Stages),False,Tomato_Yellow_Leaf_Curl_Virus_RAG.pdf,2
165,"Leaf Symptoms: New leaves are significantly smaller, severely crumpled, and curl strongly upward and inward (cupping). The leaf edges typically show distinct yellowing (chlorosis), while the leaf texture becomes thick and leathery.","Tomato Yellow Leaf Curl Virus - Symptoms (Early & Advanced Stages): Leaf Symptoms: New leaves are significantly smaller, severely crumpled, and curl strongly upward and inward (cupping). The leaf edges typically show distinct yellowing (chlorosis), while the leaf texture becomes thick and leathery.",[],tomato_yellowleaf_curl_virus,tomato,symptom,Symptoms (Early & Advanced Stages),False,Tomato_Yellow_Leaf_Curl_Virus_RAG.pdf,2
166,"Fruit & Flowers: Infected plants experience heavy flower drop. Any fruit that was already set before infection may ripen normally, but virtually no new fruit is produced.","Tomato Yellow Leaf Curl Virus - Symptoms (Early & Advanced Stages): Fruit & Flowers: Infected plants experience heavy flower drop. Any fruit that was already set before infection may ripen normally, but virtually no new fruit is produced. Infected plants",['Infected plants'],tomato_yellowleaf_curl_virus,tomato,symptom,Symptoms (Early & Advanced Stages),False,Tomato_Yellow_Leaf_Curl_Virus_RAG.pdf,2
167,"Resistant Varieties: Planting TYLCV-resistant or tolerant tomato hybrids (e.g., 'Tycoon', 'Celebrity Plus') is the most effective management strategy in regions where the virus is endemic.","Tomato Yellow Leaf Curl Virus - Prevention & Cultural Practices: Resistant Varieties: Planting TYLCV-resistant or tolerant tomato hybrids (e.g., 'Tycoon', 'Celebrity Plus') is the most effective management strategy in regions where the virus is endemic.",[],tomato_yellowleaf_curl_virus,tomato,prevention,Prevention & Cultural Practices,False,Tomato_Yellow_Leaf_Curl_Virus_RAG.pdf,2
168,Whitefly Exclusion: Grow seedlings under fine insect-exclusion netting (50-mesh) to prevent early infection. Use UV-reflective (silver) mulches to disorient and repel whiteflies.,Tomato Yellow Leaf Curl Virus - Prevention & Cultural Practices: Whitefly Exclusion: Grow seedlings under fine insect-exclusion netting (50-mesh) to prevent early infection. Use UV-reflective (silver) mulches to disorient and repel whiteflies. Grow seedlings,['Grow seedlings'],tomato_yellowleaf_curl_virus,tomato,prevention,Prevention & Cultural Practices,False,Tomato_Yellow_Leaf_Curl_Virus_RAG.pdf,2
169,"Tomato Yellow Leaf Curl Virus: Sanitation: Eradicate weed hosts around the field and destroy old, infected tomato crops immediately to break the whitefly lifecycle.","Tomato Yellow Leaf Curl Virus - Prevention & Cultural Practices: Sanitation: Eradicate weed hosts around the field and destroy old, infected tomato crops immediately to break the whitefly lifecycle. Eradicate weed",['Eradicate weed'],tomato_yellowleaf_curl_virus,tomato,prevention,Prevention & Cultural Practices,True,Tomato_Yellow_Leaf_Curl_Virus_RAG.pdf,2
170,No Viral Cure: Infected plants cannot be cured and should be immediately uprooted and destroyed (bagged or burned) to prevent whiteflies from acquiring and spreading the virus.,Tomato Yellow Leaf Curl Virus - Treatment & Solutions (Chemical & Biological): No Viral Cure: Infected plants cannot be cured and should be immediately uprooted and destroyed (bagged or burned) to prevent whiteflies from acquiring and spreading the virus. Infected plants,['Infected plants'],tomato_yellowleaf_curl_virus,tomato,treatment,Treatment & Solutions (Chemical & Biological),False,Tomato_Yellow_Leaf_Curl_Virus_RAG.pdf,2
171,"Vector Management: Control the whitefly population using targeted insecticides (e.g., imidacloprid, spiromesifen), horticultural oils, or insecticidal soaps. Focus treatments on the undersides of leaves where whiteflies congregate and lay eggs.","Tomato Yellow Leaf Curl Virus - Treatment & Solutions (Chemical & Biological): Vector Management: Control the whitefly population using targeted insecticides (e.g., imidacloprid, spiromesifen), horticultural oils, or insecticidal soaps. Focus treatments on the undersides of leaves where whiteflies congregate and lay eggs. Control the Focus treatments imidacloprid spiromesifen","['Control the', 'Focus treatments', 'imidacloprid', 'spiromesifen']",tomato_yellowleaf_curl_virus,tomato,treatment,Treatment & Solutions (Chemical & Biological),False,Tomato_Yellow_Leaf_Curl_Virus_RAG.pdf,2
